case,repeat,seed,reference_F,raw_F,raw_err_percent
case1,1,2029,1.591776e-14,1.578544e-14,0.8312727418933297
case10,1,2029,1.2410000000000002e-15,1.239002e-15,0.16099919419824138
case5,1,2029,1.419204e-14,1.400456e-14,1.321022206814526
case4,1,2029,8.210106e-15,8.187899e-15,0.2704837184806075
case8,1,2029,8.763291910000002e-16,8.666166e-16,1.108326768039869
case9,1,2029,1.8767555390000001e-16,1.897086e-16,1.0832769946603094
case7,1,2029,9.176692675804292e-16,9.051464e-16,1.3646384403225853
case3,1,2029,2.15818e-14,2.150911e-14,0.3368115727140353
case6,1,2029,9.584033e-15,9.56437e-15,0.20516415166768054
case2,1,2029,1.6464417800000003e-14,1.672068e-14,1.5564607453049328
case9,2,2030,1.8767555390000001e-16,1.915772e-16,2.0789314425462724
case6,2,2030,9.584033e-15,9.574531e-15,0.09914406596888137
case4,2,2030,8.210106e-15,8.212232e-15,0.025894915364044202
case3,2,2030,2.15818e-14,2.145525e-14,0.5863737037689054
case8,2,2030,8.763291910000002e-16,8.745876e-16,0.19873707482148673
case5,2,2030,1.419204e-14,1.403066e-14,1.1371162989957662
case10,2,2030,1.2410000000000002e-15,1.233441e-15,0.6091055600322526
case7,2,2030,9.176692675804292e-16,9.008678e-16,1.8308848486044194
case2,2,2030,1.6464417800000003e-14,1.673984e-14,1.6728329136545428
case1,2,2030,1.591776e-14,1.580319e-14,0.7197620770761692
case5,3,2031,1.419204e-14,1.402358e-14,1.1870034188178669
case8,3,2031,8.763291910000002e-16,8.730309e-16,0.376375799628037
case3,3,2031,2.15818e-14,2.140899e-14,0.8007209778609692
case2,3,2031,1.6464417800000003e-14,1.674322e-14,1.6933620331233135
case4,3,2031,8.210106e-15,8.202252e-15,0.0956625894964036
case10,3,2031,1.2410000000000002e-15,1.242986e-15,0.16003223207088357
case6,3,2031,9.584033e-15,9.534725e-15,0.5144806993047757
case9,3,2031,1.8767555390000001e-16,1.909967e-16,1.7696210459938744
case1,3,2031,1.591776e-14,1.576831e-14,0.938888386305603
case7,3,2031,9.176692675804292e-16,8.990877e-16,2.0248654103261265
case7,4,2032,9.176692675804292e-16,9.06351e-16,1.2333711044144935
case10,4,2032,1.2410000000000002e-15,1.235066e-15,0.47816277195812384
case1,4,2032,1.591776e-14,1.575443e-14,1.0260865850471368
case4,4,2032,8.210106e-15,8.181647e-15,0.3466337706236722
case8,4,2032,8.763291910000002e-16,8.625979e-16,1.566910145299516
case2,4,2032,1.6464417800000003e-14,1.675671e-14,1.775296299878848
case6,4,2032,9.584033e-15,9.592366e-15,0.08694669561342128
case3,4,2032,2.15818e-14,2.143262e-14,0.6912305739094848
case9,4,2032,1.8767555390000001e-16,1.838228e-16,2.0528799941908704
case5,4,2032,1.419204e-14,1.39507e-14,1.7005307200374298
case4,5,2033,8.210106e-15,8.168567e-15,0.5059496186772705
case5,5,2033,1.419204e-14,1.401179e-14,1.2700781564877195
case6,5,2033,9.584033e-15,9.521503e-15,0.652439322777798
case8,5,2033,8.763291910000002e-16,8.70416e-16,0.6747682332997051
case7,5,2033,9.176692675804292e-16,9.080091e-16,1.0526850927349618
case3,5,2033,2.15818e-14,2.144243e-14,0.6457756072246079
case10,5,2033,1.2410000000000002e-15,1.241817e-15,0.06583400483479718
case9,5,2033,1.8767555390000001e-16,1.867887e-16,0.47254630748155835
case1,5,2033,1.591776e-14,1.578872e-14,0.8106668274933004
case2,5,2033,1.6464417800000003e-14,1.677218e-14,1.8692565005244077
case9,6,2034,1.8767555390000001e-16,1.868631e-16,0.4329034246159269
case3,6,2034,2.15818e-14,2.149899e-14,0.3837029348803145
case8,6,2034,8.763291910000002e-16,8.615709e-16,1.6841035482521471
case2,6,2034,1.6464417800000003e-14,1.675626e-14,1.7725631330856917
case7,6,2034,9.176692675804292e-16,9.073549e-16,1.1239743930430035
case4,6,2034,8.210106e-15,8.173988e-15,0.43992123853212606
case10,6,2034,1.2410000000000002e-15,1.245364e-15,0.35165189363415283
case1,6,2034,1.591776e-14,1.576943e-14,0.9318522204129209
case5,6,2034,1.419204e-14,1.393001e-14,1.846316667653125
case6,6,2034,9.584033e-15,9.55175e-15,0.3368414945983611
case5,7,2035,1.419204e-14,1.395355e-14,1.6804490404480288
case6,7,2035,9.584033e-15,9.602448e-15,0.19214249366628078
case3,7,2035,2.15818e-14,2.144356e-14,0.6405397140182845
case7,7,2035,9.176692675804292e-16,9.065635e-16,1.210214613562377
case8,7,2035,8.763291910000002e-16,8.673516e-16,1.0244541768323012
case1,7,2035,1.591776e-14,1.578615e-14,0.8268123153006401
case9,7,2035,1.8767555390000001e-16,1.927302e-16,2.6932895600741302
case4,7,2035,8.210106e-15,8.196649e-15,0.1639077497903263
case2,7,2035,1.6464417800000003e-14,1.685368e-14,2.3642633752892106
case10,7,2035,1.2410000000000002e-15,1.246116e-15,0.41224818694598486
case4,8,2036,8.210106e-15,8.236217e-15,0.31803487068253755
case6,8,2036,9.584033e-15,9.572923e-15,0.11592197147067829
case3,8,2036,2.15818e-14,2.143763e-14,0.6680165695169049
case1,8,2036,1.591776e-14,1.576726e-14,0.9454847918300091
case5,8,2036,1.419204e-14,1.397368e-14,1.5386089667165481
case2,8,2036,1.6464417800000003e-14,1.66749e-14,1.2784065768787656
case10,8,2036,1.2410000000000002e-15,1.249869e-15,0.7146655922642742
case7,8,2036,9.176692675804292e-16,9.039181e-16,1.4984884060339265
case8,8,2036,8.763291910000002e-16,8.718752e-16,0.5082554644696646
case9,8,2036,1.8767555390000001e-16,1.882454e-16,0.30363363163623536
case9,9,2037,1.8767555390000001e-16,1.872851e-16,0.20804728793184513
case6,9,2037,9.584033e-15,9.577713e-15,0.06594301167368588
case4,9,2037,8.210106e-15,8.171435e-15,0.47101706116827735
case7,9,2037,9.176692675804292e-16,9.036188e-16,1.5311036423258706
case2,9,2037,1.6464417800000003e-14,1.678693e-14,1.9588436343008553
case5,9,2037,1.419204e-14,1.389361e-14,2.1027984701283198
case1,9,2037,1.591776e-14,1.575784e-14,1.0046639728202855
case8,9,2037,8.763291910000002e-16,8.61035e-16,1.7452563667938126
case10,9,2037,1.2410000000000002e-15,1.247106e-15,0.4920225624496233
case3,9,2037,2.15818e-14,2.142093e-14,0.7453965841588639
case7,10,2038,9.176692675804292e-16,8.967731e-16,2.2770913572735196
case5,10,2038,1.419204e-14,1.394978e-14,1.7070132271329475
case6,10,2038,9.584033e-15,9.581195e-15,0.029611751128155728
case4,10,2038,8.210106e-15,8.198059e-15,0.14673379369279926
case8,10,2038,8.763291910000002e-16,8.639273e-16,1.4152091619643703
case1,10,2038,1.591776e-14,1.578411e-14,0.8396281888909063
case3,10,2038,2.15818e-14,2.149315e-14,0.4107627723359486
case2,10,2038,1.6464417800000003e-14,1.659833e-14,0.813343062759242
case10,10,2038,1.2410000000000002e-15,1.233835e-15,0.5773569701853498
case9,10,2038,1.8767555390000001e-16,1.878543e-16,0.09524207936810747
