training_seed,case,mean_selfcaperr_percent,repeat_sample_sd_percent,baseline_mean_percent,delta_pp
2029,case1,0.706349385843229,0.15001650530137337,0.8875118107070301,-0.18116242486380107
2029,case2,1.4418317299989636,0.4768813713354236,1.675462827479981,-0.2336310974810174
2029,case3,0.556635683770581,0.12262328709249475,0.5909331010388319,-0.03429741726825086
2029,case4,0.4085881229791666,0.21863975656554124,0.27842393265080645,0.13016419032836013
2029,case5,1.3570539964656203,0.2108693490431502,1.5490937173232278,-0.19203972085760745
2029,case6,0.2879042674414811,0.25868360713494915,0.22986356578697187,0.05804070165450925
2029,case7,1.2683445138266125,0.43355273450910053,1.5147317308641284,-0.24638721703751587
2029,case8,0.9356707609663839,0.3914449726891745,1.030239673940091,-0.09456891297370706
2029,case9,0.5955846389005992,0.25961607495513067,1.119037176849913,-0.5234525379493138
2029,case10,0.5541496293311643,0.48332238082483053,0.40220789685736835,0.15194173247379594
2039,case1,0.7563312928452215,0.09391097653657168,0.8875118107070301,-0.13118051786180862
2039,case2,1.6073644584019053,0.4913451996121412,1.675462827479981,-0.06809836907807565
2039,case3,0.47642921350396494,0.11406071903519661,0.5909331010388319,-0.11450388753486695
2039,case4,0.6015509665770469,0.2412460486798301,0.27842393265080645,0.3231270339262404
2039,case5,1.3498696945611754,0.23564169611864283,1.5490937173232278,-0.1992240227620523
2039,case6,0.13495655743255397,0.07456743462542686,0.22986356578697187,-0.0949070083544179
2039,case7,0.8584506911951006,0.4874496264498785,1.5147317308641284,-0.6562810396690277
2039,case8,1.2670898885987514,0.4599692075601601,1.030239673940091,0.2368502146586604
2039,case9,0.47747070483004195,0.38725588400064925,1.119037176849913,-0.641566472019871
2039,case10,0.5083970668815474,0.41018595493980553,0.40220789685736835,0.10618917002417905
2053,case1,0.7495212894276526,0.10877446943941081,0.8875118107070301,-0.1379905212793775
2053,case2,1.3688561766210583,0.26305360501054087,1.675462827479981,-0.3066066508589227
2053,case3,0.5446533653356023,0.17991037071145002,0.5909331010388319,-0.04627973570322963
2053,case4,0.30620169824846943,0.3323288470623835,0.27842393265080645,0.027777765597662984
2053,case5,1.3722528121397592,0.25231858183957495,1.5490937173232278,-0.1768409051834685
2053,case6,0.32136293771108493,0.1020653035416746,0.22986356578697187,0.09149937192411306
2053,case7,1.1914092654814745,0.4744650175434819,1.5147317308641284,-0.32332246538265386
2053,case8,0.9836769684875479,0.44008991811481657,1.030239673940091,-0.04656270545254304
2053,case9,0.9249052761154586,0.46186688221103767,1.119037176849913,-0.1941319007344544
2053,case10,0.6510550684931327,0.33507086060263125,0.40220789685736835,0.2488471716357643
