training_seed,case,repeat,frw_seed,reference_F,raw_F,cer_F,raw_err_percent,selfcaperr_percent,baseline_raw_F,baseline_err_percent,paired_delta_pp,cer_action
2029,case1,1,2029,1.591776e-14,1.583122e-14,1.583122e-14,0.5436694610296944,0.5436694610296944,1.578544e-14,0.8312727418933297,-0.2876032808636353,identity_incomplete_or_extra_columns
2039,case1,1,2029,1.591776e-14,1.581069e-14,1.581069e-14,0.6726448947590558,0.6726448947590558,1.578544e-14,0.8312727418933297,-0.1586278471342739,identity_incomplete_or_extra_columns
2053,case1,1,2029,1.591776e-14,1.582963e-14,1.582963e-14,0.5536583036809151,0.5536583036809151,1.578544e-14,0.8312727418933297,-0.2776144382124146,identity_incomplete_or_extra_columns
2039,case10,1,2029,1.2410000000000002e-15,1.238847e-15,1.237652544e-15,0.17348912167609587,0.2697385979049449,1.239002e-15,0.16099919419824138,0.10873940370670354,abs_coupling_sum
2053,case10,1,2029,1.2410000000000002e-15,1.23932e-15,1.24695139e-15,0.13537469782435307,0.47956406124092243,1.239002e-15,0.16099919419824138,0.31856486704268105,abs_coupling_sum
2029,case10,1,2029,1.2410000000000002e-15,1.236648e-15,1.244466454e-15,0.35068493150686164,0.27932747784042977,1.239002e-15,0.16099919419824138,0.11832828364218839,abs_coupling_sum
2053,case5,1,2029,1.419204e-14,1.402222e-14,1.4021679569999999e-14,1.1965862553938722,1.2003942350782615,1.400456e-14,1.321022206814526,-0.1206279717362646,abs_coupling_sum
2029,case5,1,2029,1.419204e-14,1.401086e-14,1.4010076329999999e-14,1.2766311256168894,1.2821530238077194,1.400456e-14,1.321022206814526,-0.03886918300680664,abs_coupling_sum
2039,case5,1,2029,1.419204e-14,1.400693e-14,1.400666745e-14,1.3043227048401662,1.3061726855335687,1.400456e-14,1.321022206814526,-0.0148495212809574,abs_coupling_sum
2039,case4,1,2029,8.210106e-15,8.22802e-15,8.24608153e-15,0.21819450321347578,0.4381859381596298,8.187899e-15,0.2704837184806075,0.16770221967902232,abs_coupling_sum
2053,case4,1,2029,8.210106e-15,8.188586e-15,8.21030772e-15,0.26211598242459333,0.0024569719319078587,8.187899e-15,0.2704837184806075,-0.2680267465486996,abs_coupling_sum
2029,case4,1,2029,8.210106e-15,8.20401e-15,8.25567163e-15,0.07424995487269603,0.554994417855248,8.187899e-15,0.2704837184806075,0.28451069937464046,abs_coupling_sum
2029,case8,1,2029,8.763291910000002e-16,8.789728e-16,8.7395554e-16,0.3016684856729457,0.27086293876523726,8.666166e-16,1.108326768039869,-0.8374638292746317,abs_coupling_sum
2053,case8,1,2029,8.763291910000002e-16,8.643188e-16,8.66827659e-16,1.3705341695048223,1.0842423255532307,8.666166e-16,1.108326768039869,-0.024084442486638213,abs_coupling_sum
2039,case8,1,2029,8.763291910000002e-16,8.618421e-16,8.593171483e-16,1.6531562737820749,1.941284493854123,8.666166e-16,1.108326768039869,0.832957725814254,abs_coupling_sum
2039,case9,1,2029,1.8767555390000001e-16,1.902755e-16,1.8842809770000001e-16,1.3853408427318747,0.40098125960559283,1.897086e-16,1.0832769946603094,-0.6822957350547165,abs_coupling_sum
2029,case9,1,2029,1.8767555390000001e-16,1.866784e-16,1.866840087e-16,0.531317946998755,0.5283294384351933,1.897086e-16,1.0832769946603094,-0.554947556225116,abs_coupling_sum
2053,case9,1,2029,1.8767555390000001e-16,1.866851e-16,1.8577123780000001e-16,0.5277479562030507,1.014685216282718,1.897086e-16,1.0832769946603094,-0.06859177837759134,abs_coupling_sum
2029,case7,1,2029,9.176692675804292e-16,9.000997e-16,9.03575295e-16,1.9145860280091909,1.535844457076574,9.051464e-16,1.3646384403225853,0.1712060167539886,abs_coupling_sum
2039,case7,1,2029,9.176692675804292e-16,9.159752e-16,9.14843468e-16,0.1846054608427572,0.30793224533712804,9.051464e-16,1.3646384403225853,-1.0567061949854573,abs_coupling_sum
2053,case7,1,2029,9.176692675804292e-16,9.005765e-16,9.020171379999999e-16,1.8626283111231157,1.7056395079785625,9.051464e-16,1.3646384403225853,0.34100106765597715,abs_coupling_sum
2039,case3,1,2029,2.15818e-14,2.148531e-14,2.148531e-14,0.44708967741337036,0.44708967741337036,2.150911e-14,0.3368115727140353,0.11027810469933508,identity_incomplete_or_extra_columns
2029,case3,1,2029,2.15818e-14,2.144848e-14,2.144848e-14,0.6177427276686909,0.6177427276686909,2.150911e-14,0.3368115727140353,0.2809311549546556,identity_incomplete_or_extra_columns
2053,case3,1,2029,2.15818e-14,2.138621e-14,2.138621e-14,0.9062728780731888,0.9062728780731888,2.150911e-14,0.3368115727140353,0.5694613053591535,identity_incomplete_or_extra_columns
2053,case6,1,2029,9.584033e-15,9.611547e-15,9.61135268e-15,0.2870816492388961,0.28505411031034544,9.56437e-15,0.20516415166768054,0.0798899586426649,abs_coupling_sum
2039,case6,1,2029,9.584033e-15,9.585159e-15,9.58470896e-15,0.011748707459591223,0.007052980723254443,9.56437e-15,0.20516415166768054,-0.1981111709444261,abs_coupling_sum
2029,case6,1,2029,9.584033e-15,9.620834e-15,9.62007066e-15,0.38398240072838874,0.3760176952646077,9.56437e-15,0.20516415166768054,0.17085354359692717,abs_coupling_sum
2029,case2,1,2029,1.6464417800000003e-14,1.657025e-14,1.657025e-14,0.6427934548648206,0.6427934548648206,1.672068e-14,1.5564607453049328,-0.9136672904401122,identity_incomplete_or_extra_columns
2053,case2,1,2029,1.6464417800000003e-14,1.671819e-14,1.671819e-14,1.5413372223826771,1.5413372223826771,1.672068e-14,1.5564607453049328,-0.015123522922255717,identity_incomplete_or_extra_columns
2039,case2,1,2029,1.6464417800000003e-14,1.674205e-14,1.674205e-14,1.686255799461045,1.686255799461045,1.672068e-14,1.5564607453049328,0.12979505415611214,identity_incomplete_or_extra_columns
2039,case9,2,2030,1.8767555390000001e-16,1.865049e-16,1.8732704839999999e-16,0.6237647235738386,0.18569573541034057,1.915772e-16,2.0789314425462724,-1.8932357071359318,abs_coupling_sum
2053,case9,2,2030,1.8767555390000001e-16,1.895565e-16,1.864571579e-16,1.0022328752535392,0.6492033590316248,1.915772e-16,2.0789314425462724,-1.4297280835146475,abs_coupling_sum
2029,case9,2,2030,1.8767555390000001e-16,1.881218e-16,1.869776847e-16,0.2377752939723754,0.37184874934317325,1.915772e-16,2.0789314425462724,-1.7070826932030991,abs_coupling_sum
2029,case6,2,2030,9.584033e-15,9.587854e-15,9.58705466e-15,0.03986839360841099,0.03152806339461467,9.574531e-15,0.09914406596888137,-0.0676160025742667,abs_coupling_sum
2039,case6,2,2030,9.584033e-15,9.594028e-15,9.59347036e-15,0.10428803824027444,0.09846961086215078,9.574531e-15,0.09914406596888137,-0.0006744551067305871,abs_coupling_sum
2053,case6,2,2030,9.584033e-15,9.624206e-15,9.62334481e-15,0.41916591898212285,0.41018024457970537,9.574531e-15,0.09914406596888137,0.311036178610824,abs_coupling_sum
2053,case4,2,2030,8.210106e-15,8.173368e-15,8.21423073e-15,0.44747290717076504,0.05023966803838764,8.212232e-15,0.025894915364044202,0.02434475267434344,abs_coupling_sum
2029,case4,2,2030,8.210106e-15,8.204193e-15,8.2387453e-15,0.07202099461323108,0.34882984458421973,8.212232e-15,0.025894915364044202,0.3229349292201755,abs_coupling_sum
2039,case4,2,2030,8.210106e-15,8.229549e-15,8.27144965e-15,0.23681789248519713,0.7471724481998177,8.212232e-15,0.025894915364044202,0.7212775328357734,abs_coupling_sum
2039,case3,2,2030,2.15818e-14,2.151121e-14,2.151121e-14,0.3270811517111505,0.3270811517111505,2.145525e-14,0.5863737037689054,-0.2592925520577549,identity_incomplete_or_extra_columns
2053,case3,2,2030,2.15818e-14,2.150909e-14,2.150909e-14,0.33690424339025693,0.33690424339025693,2.145525e-14,0.5863737037689054,-0.24946946037864848,identity_incomplete_or_extra_columns
2029,case3,2,2030,2.15818e-14,2.142656e-14,2.142656e-14,0.7193097888035238,0.7193097888035238,2.145525e-14,0.5863737037689054,0.1329360850346184,identity_incomplete_or_extra_columns
2039,case8,2,2030,8.763291910000002e-16,8.683335e-16,8.676843648e-16,0.912407241721136,0.9864815971878604,8.745876e-16,0.19873707482148673,0.7877445223663737,abs_coupling_sum
2029,case8,2,2030,8.763291910000002e-16,8.711483e-16,8.667403343e-16,0.5912037454884111,1.094207153941562,8.745876e-16,0.19873707482148673,0.8954700791200754,abs_coupling_sum
2053,case8,2,2030,8.763291910000002e-16,8.66282e-16,8.67116468e-16,1.146508766703891,1.051285646377631,8.745876e-16,0.19873707482148673,0.8525485715561443,abs_coupling_sum
2053,case5,2,2030,1.419204e-14,1.405134e-14,1.405074813e-14,0.991400813413712,0.9955712497991764,1.403066e-14,1.1371162989957662,-0.14154504919658972,abs_coupling_sum
2039,case5,2,2030,1.419204e-14,1.400212e-14,1.4001715809999999e-14,1.3382149430243961,1.3410629479623792,1.403066e-14,1.1371162989957662,0.20394664896661308,abs_coupling_sum
2029,case5,2,2030,1.419204e-14,1.402897e-14,1.402829851e-14,1.1490243826821178,1.1537558377794799,1.403066e-14,1.1371162989957662,0.016639538783713714,abs_coupling_sum
2053,case10,2,2030,1.2410000000000002e-15,1.261719e-15,1.2540796529999999e-15,1.6695406929895018,1.0539607574536314,1.233441e-15,0.6091055600322526,0.4448551974213788,abs_coupling_sum
2029,case10,2,2030,1.2410000000000002e-15,1.238119e-15,1.2436949189999999e-15,0.23215149073329,0.21715705076548186,1.233441e-15,0.6091055600322526,-0.3919485092667707,abs_coupling_sum
2039,case10,2,2030,1.2410000000000002e-15,1.255679e-15,1.257714604e-15,1.1828364222401078,1.346865753424642,1.233441e-15,0.6091055600322526,0.7377601933923894,abs_coupling_sum
2029,case7,2,2030,9.176692675804292e-16,8.971113e-16,8.99718429e-16,2.240237121009103,1.9561337852971095,9.008678e-16,1.8308848486044194,0.1252489366926901,abs_coupling_sum
2053,case7,2,2030,9.176692675804292e-16,9.058671e-16,9.04239217e-16,1.286102520524346,1.4634957336905785,9.008678e-16,1.8308848486044194,-0.36738911491384085,abs_coupling_sum
2039,case7,2,2030,9.176692675804292e-16,8.995869e-16,9.051440741e-16,1.9704667268749199,1.364891897649978,9.008678e-16,1.8308848486044194,-0.4659929509544414,abs_coupling_sum
2039,case2,2,2030,1.6464417800000003e-14,1.673688e-14,1.673688e-14,1.6548547498594024,1.6548547498594024,1.673984e-14,1.6728329136545428,-0.01797816379514039,identity_incomplete_or_extra_columns
2029,case2,2,2030,1.6464417800000003e-14,1.672106e-14,1.672106e-14,1.5587687528191507,1.5587687528191507,1.673984e-14,1.6728329136545428,-0.11406416083539206,identity_incomplete_or_extra_columns
2053,case2,2,2030,1.6464417800000003e-14,1.670381e-14,1.670381e-14,1.4539973590806055,1.4539973590806055,1.673984e-14,1.6728329136545428,-0.21883555457393733,identity_incomplete_or_extra_columns
2029,case1,2,2030,1.591776e-14,1.580066e-14,1.580066e-14,0.7356562732444671,0.7356562732444671,1.580319e-14,0.7197620770761692,0.015894196168297903,identity_incomplete_or_extra_columns
2053,case1,2,2030,1.591776e-14,1.578739e-14,1.578739e-14,0.8190222744908771,0.8190222744908771,1.580319e-14,0.7197620770761692,0.09926019741470782,identity_incomplete_or_extra_columns
2039,case1,2,2030,1.591776e-14,1.57773e-14,1.57773e-14,0.8824105904348345,0.8824105904348345,1.580319e-14,0.7197620770761692,0.16264851335866526,identity_incomplete_or_extra_columns
2029,case5,3,2031,1.419204e-14,1.396045e-14,1.395966649e-14,1.6318302372315685,1.6373510080298526,1.402358e-14,1.1870034188178669,0.4503475892119857,abs_coupling_sum
2039,case5,3,2031,1.419204e-14,1.399181e-14,1.39912063e-14,1.4108612997144832,1.4151150926857592,1.402358e-14,1.1870034188178669,0.22811167386789233,abs_coupling_sum
2053,case5,3,2031,1.419204e-14,1.399233e-14,1.3991788619999999e-14,1.407197273964833,1.4110119475424288,1.402358e-14,1.1870034188178669,0.2240085287245619,abs_coupling_sum
2039,case8,3,2031,8.763291910000002e-16,8.685386e-16,8.69177975e-16,0.8890027948413093,0.8160421989183986,8.730309e-16,0.376375799628037,0.43966639929036155,abs_coupling_sum
2053,case8,3,2031,8.763291910000002e-16,8.572071e-16,8.59097626e-16,2.1820671040502004,1.9663347035532297,8.730309e-16,0.376375799628037,1.5899589039251927,abs_coupling_sum
2029,case8,3,2031,8.763291910000002e-16,8.706207e-16,8.678540137e-16,0.6514094313674668,0.9671225593123278,8.730309e-16,0.376375799628037,0.5907467596842908,abs_coupling_sum
2053,case3,3,2031,2.15818e-14,2.148987e-14,2.148987e-14,0.42596076323568877,0.42596076323568877,2.140899e-14,0.8007209778609692,-0.3747602146252804,identity_incomplete_or_extra_columns
2029,case3,3,2031,2.15818e-14,2.150924e-14,2.150924e-14,0.33620921331862785,0.33620921331862785,2.140899e-14,0.8007209778609692,-0.46451176454234133,identity_incomplete_or_extra_columns
2039,case3,3,2031,2.15818e-14,2.145168e-14,2.145168e-14,0.6029154194738151,0.6029154194738151,2.140899e-14,0.8007209778609692,-0.19780555838715408,identity_incomplete_or_extra_columns
2039,case2,3,2031,1.6464417800000003e-14,1.663665e-14,1.663665e-14,1.0460873994584619,1.0460873994584619,1.674322e-14,1.6933620331233135,-0.6472746336648516,identity_incomplete_or_extra_columns
2053,case2,3,2031,1.6464417800000003e-14,1.664089e-14,1.664089e-14,1.0718399043541993,1.0718399043541993,1.674322e-14,1.6933620331233135,-0.6215221287691142,identity_incomplete_or_extra_columns
2029,case2,3,2031,1.6464417800000003e-14,1.674743e-14,1.674743e-14,1.7189323268995027,1.7189323268995027,1.674322e-14,1.6933620331233135,0.025570293776189246,identity_incomplete_or_extra_columns
2053,case4,3,2031,8.210106e-15,8.185317e-15,8.21254455e-15,0.301932764327284,0.029701808965687526,8.202252e-15,0.0956625894964036,-0.06596078053071608,abs_coupling_sum
2039,case4,3,2031,8.210106e-15,8.245887e-15,8.28185689e-15,0.4358165412237103,0.8739337835589556,8.202252e-15,0.0956625894964036,0.778271194062552,abs_coupling_sum
2029,case4,3,2031,8.210106e-15,8.209299e-15,8.25471106e-15,0.009829349340917393,0.5432945689129998,8.202252e-15,0.0956625894964036,0.44763197941659616,abs_coupling_sum
2053,case10,3,2031,1.2410000000000002e-15,1.262651e-15,1.25578667e-15,1.7446414182110903,1.1915124899274598,1.242986e-15,0.16003223207088357,1.0314802578565763,abs_coupling_sum
2039,case10,3,2031,1.2410000000000002e-15,1.245213e-15,1.246309076e-15,0.3394842868654102,0.4278062852538067,1.242986e-15,0.16003223207088357,0.26777405318292313,abs_coupling_sum
2029,case10,3,2031,1.2410000000000002e-15,1.241811e-15,1.247388804e-15,0.06535052377112383,0.5148109589040883,1.242986e-15,0.16003223207088357,0.35477872683320477,abs_coupling_sum
2029,case6,3,2031,9.584033e-15,9.595154e-15,9.594692909999999e-15,0.11603674569984346,0.11122572303328138,9.534725e-15,0.5144806993047757,-0.4032549762714943,abs_coupling_sum
2053,case6,3,2031,9.584033e-15,9.61688e-15,9.61642551e-15,0.34272628234897073,0.3379841242199477,9.534725e-15,0.5144806993047757,-0.17649657508482797,abs_coupling_sum
2039,case6,3,2031,9.584033e-15,9.57891e-15,9.578498190000001e-15,0.053453488734866994,0.05775032285467718,9.534725e-15,0.5144806993047757,-0.4567303764500985,abs_coupling_sum
2053,case9,3,2031,1.8767555390000001e-16,1.87386e-16,1.8566091659999998e-16,0.1542842922175658,1.0734681518902,1.909967e-16,1.7696210459938744,-0.6961528941036743,abs_coupling_sum
2029,case9,3,2031,1.8767555390000001e-16,1.887952e-16,1.86843896e-16,0.5965860106620813,0.4431359773383936,1.909967e-16,1.7696210459938744,-1.3264850686554808,abs_coupling_sum
2039,case9,3,2031,1.8767555390000001e-16,1.897158e-16,1.8722875109999999e-16,1.0871134026795515,0.23807192290909995,1.909967e-16,1.7696210459938744,-1.5315491230847744,abs_coupling_sum
2039,case1,3,2031,1.591776e-14,1.578813e-14,1.578813e-14,0.81437337916892,0.81437337916892,1.576831e-14,0.938888386305603,-0.12451500713668295,identity_incomplete_or_extra_columns
2029,case1,3,2031,1.591776e-14,1.577288e-14,1.577288e-14,0.910178316547039,0.910178316547039,1.576831e-14,0.938888386305603,-0.02871006975856405,identity_incomplete_or_extra_columns
2053,case1,3,2031,1.591776e-14,1.577861e-14,1.577861e-14,0.8741807892567732,0.8741807892567732,1.576831e-14,0.938888386305603,-0.06470759704882978,identity_incomplete_or_extra_columns
2039,case7,3,2031,9.176692675804292e-16,9.038554e-16,9.08065974e-16,1.505320932981813,1.0464874350374354,8.990877e-16,2.0248654103261265,-0.9783779752886912,abs_coupling_sum
2029,case7,3,2031,9.176692675804292e-16,9.017477e-16,9.04706608e-16,1.7350006307183863,1.412563331733574,8.990877e-16,2.0248654103261265,-0.6123020785925526,abs_coupling_sum
2053,case7,3,2031,9.176692675804292e-16,9.037072e-16,9.07637199e-16,1.521470542131409,1.0932117849909218,8.990877e-16,2.0248654103261265,-0.9316536253352048,abs_coupling_sum
2039,case7,4,2032,9.176692675804292e-16,9.089714e-16,9.07793722e-16,0.947821604984378,1.0761552042020006,9.06351e-16,1.2333711044144935,-0.15721590021249288,abs_coupling_sum
2053,case7,4,2032,9.176692675804292e-16,8.950832e-16,9.00929309e-16,2.4612426697017686,1.8241821069770126,9.06351e-16,1.2333711044144935,0.5908110025625191,abs_coupling_sum
2029,case7,4,2032,9.176692675804292e-16,9.103068e-16,9.09963322e-16,0.802300767883557,0.8397301568948801,9.06351e-16,1.2333711044144935,-0.3936409475196134,abs_coupling_sum
2029,case10,4,2032,1.2410000000000002e-15,1.24391e-15,1.2592047700000002e-15,0.23448831587427055,1.4669435938758912,1.235066e-15,0.47816277195812384,0.9887808219177674,abs_coupling_sum
2039,case10,4,2032,1.2410000000000002e-15,1.232165e-15,1.250144056e-15,0.7119258662369288,0.736829653505211,1.235066e-15,0.47816277195812384,0.25866688154708717,abs_coupling_sum
2053,case10,4,2032,1.2410000000000002e-15,1.243219e-15,1.251808388e-15,0.1788074133763029,0.8709418211119813,1.235066e-15,0.47816277195812384,0.3927790491538574,abs_coupling_sum
2039,case1,4,2032,1.591776e-14,1.579001e-14,1.579001e-14,0.8025626721347767,0.8025626721347767,1.575443e-14,1.0260865850471368,-0.22352391291236007,identity_incomplete_or_extra_columns
2053,case1,4,2032,1.591776e-14,1.578836e-14,1.578836e-14,0.8129284522445324,0.8129284522445324,1.575443e-14,1.0260865850471368,-0.21315813280260443,identity_incomplete_or_extra_columns
2029,case1,4,2032,1.591776e-14,1.577719e-14,1.577719e-14,0.8831016424421412,0.8831016424421412,1.575443e-14,1.0260865850471368,-0.1429849426049956,identity_incomplete_or_extra_columns
2029,case4,4,2032,8.210106e-15,8.238869e-15,8.26953581e-15,0.3503365242787382,0.7238616651234597,8.181647e-15,0.3466337706236722,0.37722789449978755,abs_coupling_sum
2039,case4,4,2032,8.210106e-15,8.23542e-15,8.25779594e-15,0.308327322448676,0.5808687488322306,8.181647e-15,0.3466337706236722,0.23423497820855843,abs_coupling_sum
2053,case4,4,2032,8.210106e-15,8.189491e-15,8.22320714e-15,0.2510929822343466,0.15957333559395437,8.181647e-15,0.3466337706236722,-0.1870604350297178,abs_coupling_sum
2053,case8,4,2032,8.763291910000002e-16,8.701175e-16,8.68104303e-16,0.7088307754431811,0.9385614543565124,8.625979e-16,1.566910145299516,-0.6283486909430036,abs_coupling_sum
2029,case8,4,2032,8.763291910000002e-16,8.72313e-16,8.714894675000001e-16,0.4582970693258859,0.5522723138410401,8.625979e-16,1.566910145299516,-1.0146378314584759,abs_coupling_sum
2039,case8,4,2032,8.763291910000002e-16,8.641024e-16,8.631275116999999e-16,1.395228086154232,1.5064748995677668,8.625979e-16,1.566910145299516,-0.06043524573174919,abs_coupling_sum
2053,case2,4,2032,1.6464417800000003e-14,1.665426e-14,1.665426e-14,1.1530453266315854,1.1530453266315854,1.675671e-14,1.775296299878848,-0.6222509732472625,identity_incomplete_or_extra_columns
2029,case2,4,2032,1.6464417800000003e-14,1.682598e-14,1.682598e-14,2.1960217749090294,2.1960217749090294,1.675671e-14,1.775296299878848,0.42072547503018143,identity_incomplete_or_extra_columns
2039,case2,4,2032,1.6464417800000003e-14,1.684628e-14,1.684628e-14,2.3193179658013596,2.3193179658013596,1.675671e-14,1.775296299878848,0.5440216659225117,identity_incomplete_or_extra_columns
2039,case6,4,2032,9.584033e-15,9.606452e-15,9.60610829e-15,0.23392031308739902,0.23033403578638367,9.592366e-15,0.08694669561342128,0.1433873401729624,abs_coupling_sum
2029,case6,4,2032,9.584033e-15,9.669693e-15,9.66890952e-15,0.8937782246784876,0.8856033780351158,9.592366e-15,0.08694669561342128,0.7986566824216945,abs_coupling_sum
2053,case6,4,2032,9.584033e-15,9.628895e-15,9.62838284e-15,0.46809104267482304,0.4627471545642692,9.592366e-15,0.08694669561342128,0.3758004589508479,abs_coupling_sum
2053,case3,4,2032,2.15818e-14,2.148194e-14,2.148194e-14,0.46270468635608575,0.46270468635608575,2.143262e-14,0.6912305739094848,-0.2285258875533991,identity_incomplete_or_extra_columns
2039,case3,4,2032,2.15818e-14,2.14673e-14,2.14673e-14,0.5305396213476143,0.5305396213476143,2.143262e-14,0.6912305739094848,-0.1606909525618705,identity_incomplete_or_extra_columns
2029,case3,4,2032,2.15818e-14,2.146157e-14,2.146157e-14,0.5570897700840516,0.5570897700840516,2.143262e-14,0.6912305739094848,-0.13414080382543325,identity_incomplete_or_extra_columns
2053,case9,4,2032,1.8767555390000001e-16,1.902821e-16,1.8648569e-16,1.388857550082867,0.6340004733029869,1.838228e-16,2.0528799941908704,-1.4188795208878835,abs_coupling_sum
2039,case9,4,2032,1.8767555390000001e-16,1.863635e-16,1.854178728e-16,0.6991075143964243,1.2029702606888182,1.838228e-16,2.0528799941908704,-0.8499097335020522,abs_coupling_sum
2029,case9,4,2032,1.8767555390000001e-16,1.882281e-16,1.861613401e-16,0.2944155957010697,0.8068252729424907,1.838228e-16,2.0528799941908704,-1.2460547212483797,abs_coupling_sum
2029,case5,4,2032,1.419204e-14,1.397672e-14,1.397580243e-14,1.5171885084878545,1.5236538933091959,1.39507e-14,1.7005307200374298,-0.1768768267282339,abs_coupling_sum
2053,case5,4,2032,1.419204e-14,1.399786e-14,1.3997046039999999e-14,1.3682317693580304,1.3739670970487672,1.39507e-14,1.7005307200374298,-0.3265636229886626,abs_coupling_sum
2039,case5,4,2032,1.419204e-14,1.404926e-14,1.4048808179999999e-14,1.0060569164122901,1.009240532016542,1.39507e-14,1.7005307200374298,-0.6912901880208877,abs_coupling_sum
2029,case4,5,2033,8.210106e-15,8.219785e-15,8.25487782e-15,0.11789129153751965,0.5453257241745613,8.168567e-15,0.5059496186772705,0.03937610549729076,abs_coupling_sum
2053,case4,5,2033,8.210106e-15,8.224252e-15,8.2477743e-15,0.17229984606774718,0.45880406416189956,8.168567e-15,0.5059496186772705,-0.04714555451537095,abs_coupling_sum
2039,case4,5,2033,8.210106e-15,8.23582e-15,8.273819520000001e-15,0.3131993667316868,0.7760377271621266,8.168567e-15,0.5059496186772705,0.2700881084848561,abs_coupling_sum
2039,case5,5,2033,1.419204e-14,1.400999e-14,1.4009339919999999e-14,1.2827613225441792,1.2873419184275203,1.401179e-14,1.2700781564877195,0.017263761939800837,abs_coupling_sum
2029,case5,5,2033,1.419204e-14,1.3996e-14,1.39952798e-14,1.3813377076163813,1.3864123832796338,1.401179e-14,1.2700781564877195,0.1163342267919143,abs_coupling_sum
2053,case5,5,2033,1.419204e-14,1.404573e-14,1.404541103e-14,1.0309300142896993,1.0331775417769307,1.401179e-14,1.2700781564877195,-0.23690061471078883,abs_coupling_sum
2039,case6,5,2033,9.584033e-15,9.605141e-15,9.604635300000001e-15,0.2202413117734503,0.21496482743748047,9.521503e-15,0.652439322777798,-0.43747449534031757,abs_coupling_sum
2053,case6,5,2033,9.584033e-15,9.617538e-15,9.617132560000001e-15,0.3495918680580523,0.34536149865094234,9.521503e-15,0.652439322777798,-0.3070778241268557,abs_coupling_sum
2029,case6,5,2033,9.584033e-15,9.621557e-15,9.62130007e-15,0.39152619779168063,0.38884538481869235,9.521503e-15,0.652439322777798,-0.2635939379591057,abs_coupling_sum
2053,case8,5,2033,8.763291910000002e-16,8.737181e-16,8.7110091e-16,0.2979577796581978,0.5966115306548336,8.70416e-16,0.6747682332997051,-0.07815670264487151,abs_coupling_sum
2039,case8,5,2033,8.763291910000002e-16,8.618515e-16,8.620541403e-16,1.6520836175135778,1.6289598528277605,8.70416e-16,0.6747682332997051,0.9541916195280553,abs_coupling_sum
2029,case8,5,2033,8.763291910000002e-16,8.662252e-16,8.66072888e-16,1.152990349262517,1.1703710324081018,8.70416e-16,0.6747682332997051,0.49560279910839666,abs_coupling_sum
2053,case7,5,2033,9.176692675804292e-16,9.132009e-16,9.146030415e-16,0.486925708235908,0.3341319349741023,9.080091e-16,1.0526850927349618,-0.7185531577608595,abs_coupling_sum
2029,case7,5,2033,9.176692675804292e-16,9.078502e-16,9.04323076e-16,1.0700006993062727,1.4543574740841447,9.080091e-16,1.0526850927349618,0.4016723813491829,abs_coupling_sum
2039,case7,5,2033,9.176692675804292e-16,9.137512e-16,9.15766295e-16,0.4269585698080225,0.2073701983555276,9.080091e-16,1.0526850927349618,-0.8453148943794342,abs_coupling_sum
2029,case3,5,2033,2.15818e-14,2.141836e-14,2.141836e-14,0.7573047660528687,0.7573047660528687,2.144243e-14,0.6457756072246079,0.11152915882826075,identity_incomplete_or_extra_columns
2039,case3,5,2033,2.15818e-14,2.153156e-14,2.153156e-14,0.2327887386594174,0.2327887386594174,2.144243e-14,0.6457756072246079,-0.4129868685651905,identity_incomplete_or_extra_columns
2053,case3,5,2033,2.15818e-14,2.146297e-14,2.146297e-14,0.5506028227487914,0.5506028227487914,2.144243e-14,0.6457756072246079,-0.09517278447581656,identity_incomplete_or_extra_columns
2029,case10,5,2033,1.2410000000000002e-15,1.236613e-15,1.241654219e-15,0.35350523771153775,0.0527170829975665,1.241817e-15,0.06583400483479718,-0.013116921837230677,abs_coupling_sum
2053,case10,5,2033,1.2410000000000002e-15,1.241744e-15,1.244121542e-15,0.05995165189360829,0.25153440773566516,1.241817e-15,0.06583400483479718,0.18570040290086798,abs_coupling_sum
2039,case10,5,2033,1.2410000000000002e-15,1.259711e-15,1.253831992e-15,1.5077356970184974,1.034004190169191,1.241817e-15,0.06583400483479718,0.9681701853343938,abs_coupling_sum
2029,case9,5,2033,1.8767555390000001e-16,1.892096e-16,1.870888399e-16,0.8173926055480729,0.312621429806792,1.867887e-16,0.47254630748155835,-0.15992487767476637,abs_coupling_sum
2039,case9,5,2033,1.8767555390000001e-16,1.878098e-16,1.858304594e-16,0.07153094647134317,0.9831299077892375,1.867887e-16,0.47254630748155835,0.5105836003076791,abs_coupling_sum
2053,case9,5,2033,1.8767555390000001e-16,1.866432e-16,1.843161236e-16,0.5500737195373251,1.790020186534269,1.867887e-16,0.47254630748155835,1.3174738790527107,abs_coupling_sum
2053,case1,5,2033,1.591776e-14,1.577518e-14,1.577518e-14,0.8957290473031287,0.8957290473031287,1.578872e-14,0.8106668274933004,0.08506221980982831,identity_incomplete_or_extra_columns
2029,case1,5,2033,1.591776e-14,1.580451e-14,1.580451e-14,0.711469452988367,0.711469452988367,1.578872e-14,0.8106668274933004,-0.09919737450493349,identity_incomplete_or_extra_columns
2039,case1,5,2033,1.591776e-14,1.578246e-14,1.578246e-14,0.8499939690006619,0.8499939690006619,1.578872e-14,0.8106668274933004,0.039327141507361496,identity_incomplete_or_extra_columns
2053,case2,5,2033,1.6464417800000003e-14,1.668758e-14,1.668758e-14,1.3554211434065877,1.3554211434065877,1.677218e-14,1.8692565005244077,-0.51383535711782,identity_incomplete_or_extra_columns
2039,case2,5,2033,1.6464417800000003e-14,1.672659e-14,1.672659e-14,1.5923563358553494,1.5923563358553494,1.677218e-14,1.8692565005244077,-0.2769001646690583,identity_incomplete_or_extra_columns
2029,case2,5,2033,1.6464417800000003e-14,1.662766e-14,1.662766e-14,0.9914848006347121,0.9914848006347121,1.677218e-14,1.8692565005244077,-0.8777716998896956,identity_incomplete_or_extra_columns
2029,case9,6,2034,1.8767555390000001e-16,1.888642e-16,1.861572319e-16,0.6333515875132756,0.8090142634181507,1.868631e-16,0.4329034246159269,0.37611083880222385,abs_coupling_sum
2053,case9,6,2034,1.8767555390000001e-16,1.896806e-16,1.854070567e-16,1.0683576301409703,1.2087334513522952,1.868631e-16,0.4329034246159269,0.7758300267363683,abs_coupling_sum
2039,case9,6,2034,1.8767555390000001e-16,1.886024e-16,1.871710987e-16,0.493855529257603,0.26879110758816216,1.868631e-16,0.4329034246159269,-0.16411231702776474,abs_coupling_sum
2029,case3,6,2034,2.15818e-14,2.1457e-14,2.1457e-14,0.5782650195998329,0.5782650195998329,2.149899e-14,0.3837029348803145,0.1945620847195184,identity_incomplete_or_extra_columns
2053,case3,6,2034,2.15818e-14,2.149338e-14,2.149338e-14,0.409697059559444,0.409697059559444,2.149899e-14,0.3837029348803145,0.025994124679129538,identity_incomplete_or_extra_columns
2039,case3,6,2034,2.15818e-14,2.145895e-14,2.145895e-14,0.5692296286685883,0.5692296286685883,2.149899e-14,0.3837029348803145,0.1855266937882738,identity_incomplete_or_extra_columns
2029,case8,6,2034,8.763291910000002e-16,8.729589e-16,8.6954661159999995e-16,0.38459189019531825,0.7739762031960362,8.615709e-16,1.6841035482521471,-0.9101273450561109,abs_coupling_sum
2039,case8,6,2034,8.763291910000002e-16,8.642761e-16,8.63197401e-16,1.3754067676606918,1.498499665977715,8.615709e-16,1.6841035482521471,-0.18560388227443214,abs_coupling_sum
2053,case8,6,2034,8.763291910000002e-16,8.692121e-16,8.68997754e-16,0.8121481143266274,0.8366076441701287,8.615709e-16,1.6841035482521471,-0.8474959040820185,abs_coupling_sum
2029,case2,6,2034,1.6464417800000003e-14,1.668721e-14,1.668721e-14,1.3531738729321896,1.3531738729321896,1.675626e-14,1.7725631330856917,-0.4193892601535021,identity_incomplete_or_extra_columns
2039,case2,6,2034,1.6464417800000003e-14,1.68591e-14,1.68591e-14,2.3971828508870807,2.3971828508870807,1.675626e-14,1.7725631330856917,0.624619717801389,identity_incomplete_or_extra_columns
2053,case2,6,2034,1.6464417800000003e-14,1.666062e-14,1.666062e-14,1.1916740839751805,1.1916740839751805,1.675626e-14,1.7725631330856917,-0.5808890491105112,identity_incomplete_or_extra_columns
2053,case7,6,2034,9.176692675804292e-16,9.043304e-16,9.098178948e-16,1.4535593651947343,0.855577609254643,9.073549e-16,1.1239743930430035,-0.2683967837883605,abs_coupling_sum
2039,case7,6,2034,9.176692675804292e-16,8.974225e-16,9.03016388e-16,2.2063251212294355,1.5967495151127387,9.073549e-16,1.1239743930430035,0.47277512206973515,abs_coupling_sum
2029,case7,6,2034,9.176692675804292e-16,8.999669e-16,9.04209405e-16,1.9290574726452459,1.4667443986566164,9.073549e-16,1.1239743930430035,0.3427700056136129,abs_coupling_sum
2039,case4,6,2034,8.210106e-15,8.244985e-15,8.28299719e-15,0.4248300813655792,0.8878227637986624,8.173988e-15,0.43992123853212606,0.44790152526653637,abs_coupling_sum
2029,case4,6,2034,8.210106e-15,8.197106e-15,8.21945933e-15,0.15834143919701837,0.11392459488341888,8.173988e-15,0.43992123853212606,-0.3259966436487072,abs_coupling_sum
2053,case4,6,2034,8.210106e-15,8.210086e-15,8.2367429e-15,0.00024360221414498895,0.3244403909035798,8.173988e-15,0.43992123853212606,-0.11548084762854627,abs_coupling_sum
2039,case10,6,2034,1.2410000000000002e-15,1.245234e-15,1.236532391e-15,0.34117647058822254,0.36000072522160975,1.245364e-15,0.35165189363415283,0.008348831587456917,abs_coupling_sum
2029,case10,6,2034,1.2410000000000002e-15,1.239315e-15,1.2460712929999999e-15,0.13577759871074013,0.40864568896048503,1.245364e-15,0.35165189363415283,0.0569937953263322,abs_coupling_sum
2053,case10,6,2034,1.2410000000000002e-15,1.24146e-15,1.250509268e-15,0.0370668815471209,0.7662585012086831,1.245364e-15,0.35165189363415283,0.4146066075745303,abs_coupling_sum
2053,case1,6,2034,1.591776e-14,1.580928e-14,1.580928e-14,0.6815029250346716,0.6815029250346716,1.576943e-14,0.9318522204129209,-0.25034929537824935,identity_incomplete_or_extra_columns
2039,case1,6,2034,1.591776e-14,1.578995e-14,1.578995e-14,0.8029396095933006,0.8029396095933006,1.576943e-14,0.9318522204129209,-0.12891261081962035,identity_incomplete_or_extra_columns
2029,case1,6,2034,1.591776e-14,1.583748e-14,1.583748e-14,0.5043423195223329,0.5043423195223329,1.576943e-14,0.9318522204129209,-0.42750990089058805,identity_incomplete_or_extra_columns
2039,case5,6,2034,1.419204e-14,1.40147e-14,1.401417844e-14,1.2495737046964384,1.2532487225233258,1.393001e-14,1.846316667653125,-0.5930679451297993,abs_coupling_sum
2053,case5,6,2034,1.419204e-14,1.396659e-14,1.39663976e-14,1.588566548572301,1.5899222380996614,1.393001e-14,1.846316667653125,-0.2563944295534637,abs_coupling_sum
2029,case5,6,2034,1.419204e-14,1.401534e-14,1.401473594e-14,1.245064134543028,1.2493204641475075,1.393001e-14,1.846316667653125,-0.5969962035056176,abs_coupling_sum
2053,case6,6,2034,9.584033e-15,9.606925e-15,9.60642504e-15,0.2388556049420787,0.23363901188571123,9.55175e-15,0.3368414945983611,-0.10320248271264987,abs_coupling_sum
2029,case6,6,2034,9.584033e-15,9.620526e-15,9.620221779999999e-15,0.38076872231136427,0.3775944844931045,9.55175e-15,0.3368414945983611,0.04075298989474341,abs_coupling_sum
2039,case6,6,2034,9.584033e-15,9.601116e-15,9.60101435e-15,0.17824437791480463,0.17718375969699718,9.55175e-15,0.3368414945983611,-0.15965773490136392,abs_coupling_sum
2053,case5,7,2035,1.419204e-14,1.399345e-14,1.3992924640000001e-14,1.3993055261963705,1.403007319596039,1.395355e-14,1.6804490404480288,-0.2774417208519897,abs_coupling_sum
2029,case5,7,2035,1.419204e-14,1.39644e-14,1.396346151e-14,1.6039977339409983,1.6106105253367309,1.395355e-14,1.6804490404480288,-0.0698385151112979,abs_coupling_sum
2039,case5,7,2035,1.419204e-14,1.397774e-14,1.397670987e-14,1.5100013810558477,1.517259886527933,1.395355e-14,1.6804490404480288,-0.1631891539200958,abs_coupling_sum
2053,case6,7,2035,9.584033e-15,9.614733e-15,9.61448082e-15,0.3203244396174254,0.3176931882434175,9.602448e-15,0.19214249366628078,0.12555069457713675,abs_coupling_sum
2039,case6,7,2035,9.584033e-15,9.563134e-15,9.56288582e-15,0.2180606014190456,0.22065011670974188,9.602448e-15,0.19214249366628078,0.028507623043461106,abs_coupling_sum
2029,case6,7,2035,9.584033e-15,9.616566e-15,9.61620975e-15,0.3394499998069733,0.33573287988470923,9.602448e-15,0.19214249366628078,0.14359038621842846,abs_coupling_sum
2039,case3,7,2035,2.15818e-14,2.146821e-14,2.146821e-14,0.5263231055796957,0.5263231055796957,2.144356e-14,0.6405397140182845,-0.11421660843858872,identity_incomplete_or_extra_columns
2029,case3,7,2035,2.15818e-14,2.146893e-14,2.146893e-14,0.5229869612358606,0.5229869612358606,2.144356e-14,0.6405397140182845,-0.11755275278242383,identity_incomplete_or_extra_columns
2053,case3,7,2035,2.15818e-14,2.144116e-14,2.144116e-14,0.6516601951644385,0.6516601951644385,2.144356e-14,0.6405397140182845,0.011120481146154049,identity_incomplete_or_extra_columns
2029,case7,7,2035,9.176692675804292e-16,9.020277e-16,9.100256887e-16,1.7044885486544148,0.8329339502218147,9.065635e-16,1.210214613562377,-0.3772806633405623,abs_coupling_sum
2039,case7,7,2035,9.176692675804292e-16,9.026088e-16,9.06002255e-16,1.6411650811995138,1.2713744474837974,9.065635e-16,1.210214613562377,0.061159833921420326,abs_coupling_sum
2053,case7,7,2035,9.176692675804292e-16,9.041543e-16,9.036637903e-16,1.4727492853785384,1.526200971877023,9.065635e-16,1.210214613562377,0.31598635831464605,abs_coupling_sum
2029,case8,7,2035,8.763291910000002e-16,8.667054e-16,8.633068744999999e-16,1.0981935896735684,1.4860073855511136,8.673516e-16,1.0244541768323012,0.46155320871881234,abs_coupling_sum
2053,case8,7,2035,8.763291910000002e-16,8.73125e-16,8.70130261e-16,0.36563782570609993,0.7073745875025073,8.673516e-16,1.0244541768323012,-0.31707958932979396,abs_coupling_sum
2039,case8,7,2035,8.763291910000002e-16,8.662564e-16,8.63916375e-16,1.1494300433500304,1.4164558395955873,8.673516e-16,1.0244541768323012,0.3920016627632861,abs_coupling_sum
2029,case1,7,2035,1.591776e-14,1.577472e-14,1.577472e-14,0.8986189011519152,0.8986189011519152,1.578615e-14,0.8268123153006401,0.07180658585127508,identity_incomplete_or_extra_columns
2039,case1,7,2035,1.591776e-14,1.582766e-14,1.582766e-14,0.566034416902883,0.566034416902883,1.578615e-14,0.8268123153006401,-0.2607778983977571,identity_incomplete_or_extra_columns
2053,case1,7,2035,1.591776e-14,1.581659e-14,1.581659e-14,0.6355793780029262,0.6355793780029262,1.578615e-14,0.8268123153006401,-0.19123293729771396,identity_incomplete_or_extra_columns
2039,case9,7,2035,1.8767555390000001e-16,1.893083e-16,1.869813431e-16,0.869983365478677,0.36989942780183416,1.927302e-16,2.6932895600741302,-2.323390132272296,abs_coupling_sum
2029,case9,7,2035,1.8767555390000001e-16,1.869606e-16,1.8601259719999998e-16,0.3809520660218557,0.886080613826834,1.927302e-16,2.6932895600741302,-1.8072089462472962,abs_coupling_sum
2053,case9,7,2035,1.8767555390000001e-16,1.914855e-16,1.869143018e-16,2.0300705237454864,0.4056213418214494,1.927302e-16,2.6932895600741302,-2.287668218252681,abs_coupling_sum
2039,case4,7,2035,8.210106e-15,8.192545e-15,8.23256191e-15,0.21389492413373956,0.27351546983680475,8.196649e-15,0.1639077497903263,0.10960772004647845,abs_coupling_sum
2053,case4,7,2035,8.210106e-15,8.206825e-15,8.23779628e-15,0.039962943231197645,0.3372706759206201,8.196649e-15,0.1639077497903263,0.1733629261302938,abs_coupling_sum
2029,case4,7,2035,8.210106e-15,8.199174e-15,8.236918000000001e-15,0.1331529702539913,0.3265731282884765,8.196649e-15,0.1639077497903263,0.16266537849815021,abs_coupling_sum
2029,case2,7,2035,1.6464417800000003e-14,1.681227e-14,1.681227e-14,2.1127512932768155,2.1127512932768155,1.685368e-14,2.3642633752892106,-0.25151208201239506,identity_incomplete_or_extra_columns
2053,case2,7,2035,1.6464417800000003e-14,1.670756e-14,1.670756e-14,1.4767737490237742,1.4767737490237742,1.685368e-14,2.3642633752892106,-0.8874896262654364,identity_incomplete_or_extra_columns
2039,case2,7,2035,1.6464417800000003e-14,1.669687e-14,1.669687e-14,1.411845853425775,1.411845853425775,1.685368e-14,2.3642633752892106,-0.9524175218634356,identity_incomplete_or_extra_columns
2039,case10,7,2035,1.2410000000000002e-15,1.243419e-15,1.235270492e-15,0.1949234488315632,0.46168477034651545,1.246116e-15,0.41224818694598486,0.04943658340053059,abs_coupling_sum
2053,case10,7,2035,1.2410000000000002e-15,1.226531e-15,1.234460435e-15,1.1659145850121067,0.5269593070104883,1.246116e-15,0.41224818694598486,0.11471112006450346,abs_coupling_sum
2029,case10,7,2035,1.2410000000000002e-15,1.247807e-15,1.244664447e-15,0.548509266720365,0.29528178887991974,1.246116e-15,0.41224818694598486,-0.11696639806606512,abs_coupling_sum
2053,case4,8,2036,8.210106e-15,8.199083e-15,8.23411165e-15,0.13426136032835823,0.2923914746045808,8.236217e-15,0.31803487068253755,-0.025643396077956737,abs_coupling_sum
2029,case4,8,2036,8.210106e-15,8.21395e-15,8.25505371e-15,0.0468203455594729,0.5474680838469137,8.236217e-15,0.31803487068253755,0.22943321316437615,abs_coupling_sum
2039,case4,8,2036,8.210106e-15,8.22719e-15,8.269806869999999e-15,0.20808501132627555,0.7271632059318023,8.236217e-15,0.31803487068253755,0.40912833524926473,abs_coupling_sum
2029,case6,8,2036,9.584033e-15,9.5767e-15,9.5758441e-15,0.07651267477898349,0.08544315321117324,9.572923e-15,0.11592197147067829,-0.030478818259505047,abs_coupling_sum
2039,case6,8,2036,9.584033e-15,9.57416e-15,9.57356483e-15,0.103015087698477,0.10922510387850748,9.572923e-15,0.11592197147067829,-0.006696867592170808,abs_coupling_sum
2053,case6,8,2036,9.584033e-15,9.596744e-15,9.596244159999999e-15,0.13262683882662163,0.1274114978527141,9.572923e-15,0.11592197147067829,0.01148952638203582,abs_coupling_sum
2039,case3,8,2036,2.15818e-14,2.146559e-14,2.146559e-14,0.5384629641642436,0.5384629641642436,2.143763e-14,0.6680165695169049,-0.12955360535266136,identity_incomplete_or_extra_columns
2053,case3,8,2036,2.15818e-14,2.149568e-14,2.149568e-14,0.399039931794376,0.399039931794376,2.143763e-14,0.6680165695169049,-0.2689766377225289,identity_incomplete_or_extra_columns
2029,case3,8,2036,2.15818e-14,2.148234e-14,2.148234e-14,0.46085127283174154,0.46085127283174154,2.143763e-14,0.6680165695169049,-0.20716529668516337,identity_incomplete_or_extra_columns
2029,case1,8,2036,1.591776e-14,1.581223e-14,1.581223e-14,0.6629701666566068,0.6629701666566068,1.576726e-14,0.9454847918300091,-0.2825146251734023,identity_incomplete_or_extra_columns
2053,case1,8,2036,1.591776e-14,1.579264e-14,1.579264e-14,0.7860402468689021,0.7860402468689021,1.576726e-14,0.9454847918300091,-0.15944454496110705,identity_incomplete_or_extra_columns
2039,case1,8,2036,1.591776e-14,1.580366e-14,1.580366e-14,0.7168094003176306,0.7168094003176306,1.576726e-14,0.9454847918300091,-0.22867539151237848,identity_incomplete_or_extra_columns
2053,case5,8,2036,1.419204e-14,1.393168e-14,1.3930651470000001e-14,1.834549508034078,1.84179673958077,1.397368e-14,1.5386089667165481,0.3031877728642218,abs_coupling_sum
2039,case5,8,2036,1.419204e-14,1.403293e-14,1.403199791e-14,1.1211214173578954,1.1276891130520994,1.397368e-14,1.5386089667165481,-0.4109198536644487,abs_coupling_sum
2029,case5,8,2036,1.419204e-14,1.405402e-14,1.405335218e-14,0.9725169883963103,0.9772225839273285,1.397368e-14,1.5386089667165481,-0.5613863827892196,abs_coupling_sum
2039,case2,8,2036,1.6464417800000003e-14,1.676122e-14,1.676122e-14,1.8026887048505191,1.8026887048505191,1.66749e-14,1.2784065768787656,0.5242821279717536,identity_incomplete_or_extra_columns
2029,case2,8,2036,1.6464417800000003e-14,1.667573e-14,1.667573e-14,1.2834477511861841,1.2834477511861841,1.66749e-14,1.2784065768787656,0.005041174307418572,identity_incomplete_or_extra_columns
2053,case2,8,2036,1.6464417800000003e-14,1.671557e-14,1.671557e-14,1.5254241179423644,1.5254241179423644,1.66749e-14,1.2784065768787656,0.24701754106359886,identity_incomplete_or_extra_columns
2053,case10,8,2036,1.2410000000000002e-15,1.251104e-15,1.247476997e-15,0.8141821112006342,0.5219175664786357,1.249869e-15,0.7146655922642742,-0.19274802578563843,abs_coupling_sum
2029,case10,8,2036,1.2410000000000002e-15,1.24891e-15,1.250823585e-15,0.6373892022562222,0.7915862207896751,1.249869e-15,0.7146655922642742,0.07692062852540094,abs_coupling_sum
2039,case10,8,2036,1.2410000000000002e-15,1.236716e-15,1.238634763e-15,0.3452054794520709,0.1905912167606938,1.249869e-15,0.7146655922642742,-0.5240743755035804,abs_coupling_sum
2029,case7,8,2036,9.176692675804292e-16,9.121727e-16,9.13452715e-16,0.5989704324436684,0.4594849941468304,9.039181e-16,1.4984884060339265,-1.039003411887096,abs_coupling_sum
2053,case7,8,2036,9.176692675804292e-16,9.09582e-16,9.11701206e-16,0.8812834717405904,0.6503499453746509,9.039181e-16,1.4984884060339265,-0.8481384606592757,abs_coupling_sum
2039,case7,8,2036,9.176692675804292e-16,9.111907e-16,9.14214143e-16,0.7059806631108945,0.3765108740689582,9.039181e-16,1.4984884060339265,-1.1219775319649683,abs_coupling_sum
2039,case8,8,2036,8.763291910000002e-16,8.737494e-16,8.720107730000001e-16,0.2943860625088224,0.49278490826858423,8.718752e-16,0.5082554644696646,-0.015470556201080399,abs_coupling_sum
2029,case8,8,2036,8.763291910000002e-16,8.725119e-16,8.712089832e-16,0.4356001191337944,0.5842790417785237,8.718752e-16,0.5082554644696646,0.07602357730885911,abs_coupling_sum
2053,case8,8,2036,8.763291910000002e-16,8.722873e-16,8.692935778e-16,0.46122975720892523,0.8028504895485455,8.718752e-16,0.5082554644696646,0.2945950250788809,abs_coupling_sum
2039,case9,8,2036,1.8767555390000001e-16,1.87769e-16,1.8609995010000002e-16,0.049791301028889734,0.839535979651107,1.882454e-16,0.30363363163623536,0.5359023480148717,abs_coupling_sum
2053,case9,8,2036,1.8767555390000001e-16,1.881155e-16,1.870024535e-16,0.23441843695553022,0.35865107948936936,1.882454e-16,0.30363363163623536,0.055017447853134005,abs_coupling_sum
2029,case9,8,2036,1.8767555390000001e-16,1.864561e-16,1.857494255e-16,0.6497670445932413,1.026307561093609,1.882454e-16,0.30363363163623536,0.7226739294573736,abs_coupling_sum
2053,case9,9,2037,1.8767555390000001e-16,1.884151e-16,1.863868155e-16,0.3940556373122739,0.6866842128446349,1.872851e-16,0.20804728793184513,0.47863692491278975,abs_coupling_sum
2029,case9,9,2037,1.8767555390000001e-16,1.909405e-16,1.869851396e-16,1.7396757500658167,0.3678765218233404,1.872851e-16,0.20804728793184513,0.15982923389149528,abs_coupling_sum
2039,case9,9,2037,1.8767555390000001e-16,1.884043e-16,1.872804418e-16,0.3883010252833996,0.2105293373534156,1.872851e-16,0.20804728793184513,0.002482049421570487,abs_coupling_sum
2029,case6,9,2037,9.584033e-15,9.584036e-15,9.58333088e-15,3.13020624975735e-05,0.007325934708279913,9.577713e-15,0.06594301167368588,-0.05861707696540597,abs_coupling_sum
2053,case6,9,2037,9.584033e-15,9.62644e-15,9.626127659999999e-15,0.44247552152627545,0.43921655945882154,9.577713e-15,0.06594301167368588,0.37327354778513566,abs_coupling_sum
2039,case6,9,2037,9.584033e-15,9.574569e-15,9.574271960000001e-15,0.09874757317718252,0.1018468947258322,9.577713e-15,0.06594301167368588,0.03590388305214631,abs_coupling_sum
2053,case4,9,2037,8.210106e-15,8.2961e-15,8.30447961e-15,1.0474164401774955,1.1494810176628567,8.171435e-15,0.47101706116827735,0.6784639564945794,abs_coupling_sum
2039,case4,9,2037,8.210106e-15,8.227304e-15,8.25150745e-15,0.2094735439469142,0.5042742444494541,8.171435e-15,0.47101706116827735,0.03325718328117677,abs_coupling_sum
2029,case4,9,2037,8.210106e-15,8.175593e-15,8.20881239e-15,0.4203721608466604,0.015756313012282863,8.171435e-15,0.47101706116827735,-0.4552607481559945,abs_coupling_sum
2039,case7,9,2037,9.176692675804292e-16,9.080636e-16,9.10051298e-16,1.0467461339046524,0.8301432607103809,9.036188e-16,1.5311036423258706,-0.7009603816154897,abs_coupling_sum
2029,case7,9,2037,9.176692675804292e-16,9.029734e-16,9.04622496e-16,1.6014339914833475,1.421729161185603,9.036188e-16,1.5311036423258706,-0.10937448114026749,abs_coupling_sum
2053,case7,9,2037,9.176692675804292e-16,9.109259e-16,9.073368306e-16,0.7348363750056874,1.1259434466703078,9.036188e-16,1.5311036423258706,-0.4051601956555628,abs_coupling_sum
2039,case2,9,2037,1.6464417800000003e-14,1.660776e-14,1.660776e-14,0.8706180913363282,0.8706180913363282,1.678693e-14,1.9588436343008553,-1.0882255429645271,identity_incomplete_or_extra_columns
2053,case2,9,2037,1.6464417800000003e-14,1.677523e-14,1.677523e-14,1.8877812976781705,1.8877812976781705,1.678693e-14,1.9588436343008553,-0.0710623366226848,identity_incomplete_or_extra_columns
2029,case2,9,2037,1.6464417800000003e-14,1.668748e-14,1.668748e-14,1.3548137730081011,1.3548137730081011,1.678693e-14,1.9588436343008553,-0.6040298612927542,identity_incomplete_or_extra_columns
2029,case5,9,2037,1.419204e-14,1.40139e-14,1.40128425e-14,1.2552106673881958,1.2626620274463707,1.389361e-14,2.1027984701283198,-0.8401364426819491,abs_coupling_sum
2039,case5,9,2037,1.419204e-14,1.399989e-14,1.399957365e-14,1.3539279765276913,1.356157042962114,1.389361e-14,2.1027984701283198,-0.7466414271662059,abs_coupling_sum
2053,case5,9,2037,1.419204e-14,1.39976e-14,1.3997065269999999e-14,1.3700637822328554,1.373831598558073,1.389361e-14,2.1027984701283198,-0.7289668715702469,abs_coupling_sum
2039,case1,9,2037,1.591776e-14,1.580471e-14,1.580471e-14,0.7102129947932356,0.7102129947932356,1.575784e-14,1.0046639728202855,-0.2944509780270499,identity_incomplete_or_extra_columns
2029,case1,9,2037,1.591776e-14,1.581511e-14,1.581511e-14,0.6448771686468513,0.6448771686468513,1.575784e-14,1.0046639728202855,-0.3597868041734342,identity_incomplete_or_extra_columns
2053,case1,9,2037,1.591776e-14,1.580773e-14,1.580773e-14,0.6912404760468838,0.6912404760468838,1.575784e-14,1.0046639728202855,-0.31342349677340176,identity_incomplete_or_extra_columns
2039,case8,9,2037,8.763291910000002e-16,8.731656e-16,8.692348492e-16,0.3610048635251162,0.8095521492219926,8.61035e-16,1.7452563667938126,-0.93570421757182,abs_coupling_sum
2053,case8,9,2037,8.763291910000002e-16,8.742205e-16,8.724754489999999e-16,0.2406277254776712,0.4397596290958594,8.61035e-16,1.7452563667938126,-1.3054967376979532,abs_coupling_sum
2029,case8,9,2037,8.763291910000002e-16,8.657409e-16,8.637590611e-16,1.2082549695643152,1.4344073013996206,8.61035e-16,1.7452563667938126,-0.310849065394192,abs_coupling_sum
2053,case10,9,2037,1.2410000000000002e-15,1.231721e-15,1.242641547e-15,0.7477034649476355,0.13227614826749612,1.247106e-15,0.4920225624496233,-0.35974641418212716,abs_coupling_sum
2039,case10,9,2037,1.2410000000000002e-15,1.232759e-15,1.238783298e-15,0.6640612409347546,0.1786222401289561,1.247106e-15,0.4920225624496233,-0.31340032232066717,abs_coupling_sum
2029,case10,9,2037,1.2410000000000002e-15,1.254363e-15,1.243604267e-15,1.0767929089443795,0.20985229653502913,1.247106e-15,0.4920225624496233,-0.28217026591459415,abs_coupling_sum
2053,case3,9,2037,2.15818e-14,2.146411e-14,2.146411e-14,0.5453205942043793,0.5453205942043793,2.142093e-14,0.7453965841588639,-0.2000759899544846,identity_incomplete_or_extra_columns
2029,case3,9,2037,2.15818e-14,2.147649e-14,2.147649e-14,0.4879574456254754,0.4879574456254754,2.142093e-14,0.7453965841588639,-0.2574391385333885,identity_incomplete_or_extra_columns
2039,case3,9,2037,2.15818e-14,2.14748e-14,2.14748e-14,0.49578811776589404,0.49578811776589404,2.142093e-14,0.7453965841588639,-0.24960846639296985,identity_incomplete_or_extra_columns
2039,case7,10,2038,9.176692675804292e-16,9.098494e-16,9.13017677e-16,0.8521444333694839,0.5068918339930617,8.967731e-16,2.2770913572735196,-1.770199523280458,abs_coupling_sum
2053,case7,10,2038,9.176692675804292e-16,9.003721e-16,9.054150828e-16,1.8849021310298086,1.335359613026943,8.967731e-16,2.2770913572735196,-0.9417317442465767,abs_coupling_sum
2029,case7,10,2038,9.176692675804292e-16,9.066443e-16,9.05703563e-16,1.2014096984524825,1.3039234289689783,8.967731e-16,2.2770913572735196,-0.9731679283045414,abs_coupling_sum
2029,case5,10,2038,1.419204e-14,1.398148e-14,1.398094785e-14,1.4836485804718746,1.4873982175923839,1.394978e-14,1.7070132271329475,-0.21961500954056357,abs_coupling_sum
2053,case5,10,2038,1.419204e-14,1.397937e-14,1.397918095e-14,1.4985160695713873,1.4998481543174846,1.394978e-14,1.7070132271329475,-0.20716507281546281,abs_coupling_sum
2039,case5,10,2038,1.419204e-14,1.392497e-14,1.3924461999999999e-14,1.8818295326112344,1.885409003920513,1.394978e-14,1.7070132271329475,0.17839577678756546,abs_coupling_sum
2039,case6,10,2038,9.584033e-15,9.597093e-15,9.596692349999999e-15,0.1362683120978314,0.13208792165051442,9.581195e-15,0.029611751128155728,0.10247617052235869,abs_coupling_sum
2029,case6,10,2038,9.584033e-15,9.557835e-15,9.55722397e-15,0.27335047782077737,0.2797259775712324,9.581195e-15,0.029611751128155728,0.2501142264430767,abs_coupling_sum
2053,case6,10,2038,9.584033e-15,9.608707e-15,9.608409219999999e-15,0.25744903006907904,0.2543419873449748,9.581195e-15,0.029611751128155728,0.2247302362168191,abs_coupling_sum
2029,case4,10,2038,8.210106e-15,8.2136e-15,8.240142910000001e-15,0.04255730681188563,0.3658528891100854,8.198059e-15,0.14673379369279926,0.21911909541728614,abs_coupling_sum
2039,case4,10,2038,8.210106e-15,8.198874e-15,8.22706277e-15,0.13680700346622165,0.20653533584098493,8.198059e-15,0.14673379369279926,0.05980154214818567,abs_coupling_sum
2053,case4,10,2038,8.210106e-15,8.186984e-15,8.23125996e-15,0.28162851977795444,0.25765757470121997,8.198059e-15,0.14673379369279926,0.11092378100842071,abs_coupling_sum
2053,case8,10,2038,8.763291910000002e-16,8.653107e-16,8.639454180000001e-16,1.257346110703761,1.413141674063001,8.639273e-16,1.4152091619643703,-0.002067487901369347,abs_coupling_sum
2029,case8,10,2038,8.763291910000002e-16,8.678222e-16,8.67362576e-16,0.9707528959856715,1.0232016794702758,8.639273e-16,1.4152091619643703,-0.39200748249409445,abs_coupling_sum
2039,case8,10,2038,8.763291910000002e-16,8.616197e-16,8.625325860000001e-16,1.6785348646454201,1.5743632805677255,8.639273e-16,1.4152091619643703,0.15915411860335515,abs_coupling_sum
2039,case1,10,2038,1.591776e-14,1.579912e-14,1.579912e-14,0.7453310013469161,0.7453310013469161,1.578411e-14,0.8396281888909063,-0.09429718754399019,identity_incomplete_or_extra_columns
2053,case1,10,2038,1.591776e-14,1.579912e-14,1.579912e-14,0.7453310013469161,0.7453310013469161,1.578411e-14,0.8396281888909063,-0.09429718754399019,identity_incomplete_or_extra_columns
2029,case1,10,2038,1.591776e-14,1.582725e-14,1.582725e-14,0.5686101562028756,0.5686101562028756,1.578411e-14,0.8396281888909063,-0.2710180326880307,identity_incomplete_or_extra_columns
2053,case3,10,2038,2.15818e-14,2.141813e-14,2.141813e-14,0.7583704788293733,0.7583704788293733,2.149315e-14,0.4107627723359486,0.34760770649342465,identity_incomplete_or_extra_columns
2039,case3,10,2038,2.15818e-14,2.147517e-14,2.147517e-14,0.4940737102558601,0.4940737102558601,2.149315e-14,0.4107627723359486,0.08331093791991151,identity_incomplete_or_extra_columns
2029,case3,10,2038,2.15818e-14,2.146771e-14,2.146771e-14,0.5286398724851371,0.5286398724851371,2.149315e-14,0.4107627723359486,0.11787710014918851,identity_incomplete_or_extra_columns
2053,case2,10,2038,1.6464417800000003e-14,1.663421e-14,1.663421e-14,1.0312675617354383,1.0312675617354383,1.659833e-14,0.813343062759242,0.21792449897619637,identity_incomplete_or_extra_columns
2029,case2,10,2038,1.6464417800000003e-14,1.6663e-14,1.6663e-14,1.2061294994591298,1.2061294994591298,1.659833e-14,0.813343062759242,0.3927864366998879,identity_incomplete_or_extra_columns
2039,case2,10,2038,1.6464417800000003e-14,1.667721e-14,1.667721e-14,1.2924368330837321,1.2924368330837321,1.659833e-14,0.813343062759242,0.4790937703244902,identity_incomplete_or_extra_columns
2029,case10,10,2038,1.2410000000000002e-15,1.253922e-15,1.257197211e-15,1.0412570507654761,1.3051741337630762,1.233835e-15,0.5773569701853498,0.7278171635777264,abs_coupling_sum
2039,case10,10,2038,1.2410000000000002e-15,1.24961e-15,1.241965836e-15,0.6937953263496999,0.07782723609990327,1.233835e-15,0.5773569701853498,-0.49952973408544654,abs_coupling_sum
2053,case10,10,2038,1.2410000000000002e-15,1.236439e-15,1.249880914e-15,0.36752618855763197,0.7156256244963632,1.233835e-15,0.5773569701853498,0.13826865431101343,abs_coupling_sum
2053,case9,10,2038,1.8767555390000001e-16,1.88261e-16,1.849955746e-16,0.31194584901128586,1.4279852886050381,1.878543e-16,0.09524207936810747,1.3327432092369307,abs_coupling_sum
2039,case9,10,2038,1.8767555390000001e-16,1.893824e-16,1.878165022e-16,0.9094663980101725,0.07510210950281149,1.878543e-16,0.09524207936810747,-0.02013996986529598,abs_coupling_sum
2029,case9,10,2038,1.8767555390000001e-16,1.884315e-16,1.8691770769999999e-16,0.4027941222450204,0.40380656097801504,1.878543e-16,0.09524207936810747,0.30856448160990757,abs_coupling_sum
